,u_id,a_id,profile,title,score
207,0,31240,DesolatePsyche,Re:Zero kara Hajimeru Isekai Seikatsu,9
209,31,31240,ggultra2764,Re:Zero kara Hajimeru Isekai Seikatsu,9
211,50,31240,BabyGirl06301,Re:Zero kara Hajimeru Isekai Seikatsu,9
213,97,31240,LegendAqua,Re:Zero kara Hajimeru Isekai Seikatsu,9
214,104,31240,jc9622,Re:Zero kara Hajimeru Isekai Seikatsu,10
221,280,31240,BanjoTheBear,Re:Zero kara Hajimeru Isekai Seikatsu,8
226,456,31240,Stark700,Re:Zero kara Hajimeru Isekai Seikatsu,8
227,460,31240,PyraXadon,Re:Zero kara Hajimeru Isekai Seikatsu,6
228,462,31240,Flawfinder,Re:Zero kara Hajimeru Isekai Seikatsu,2
231,550,31240,Tyrannicswine117,Re:Zero kara Hajimeru Isekai Seikatsu,8
233,901,31240,literaturenerd,Re:Zero kara Hajimeru Isekai Seikatsu,5
243,1077,31240,CodeBlazeFate,Re:Zero kara Hajimeru Isekai Seikatsu,3
244,1078,31240,TakamakiJoker,Re:Zero kara Hajimeru Isekai Seikatsu,5
253,1296,31240,Zaku88,Re:Zero kara Hajimeru Isekai Seikatsu,8
258,1417,31240,GrayRealm,Re:Zero kara Hajimeru Isekai Seikatsu,4
1197,0,32281,DesolatePsyche,Kimi no Na wa.,9
1199,31,32281,ggultra2764,Kimi no Na wa.,6
1201,50,32281,BabyGirl06301,Kimi no Na wa.,9
1202,97,32281,LegendAqua,Kimi no Na wa.,10
1215,462,32281,Flawfinder,Kimi no Na wa.,8
1216,523,32281,kajia,Kimi no Na wa.,8
1217,550,32281,Tyrannicswine117,Kimi no Na wa.,10
1231,1077,32281,CodeBlazeFate,Kimi no Na wa.,4
1915,0,33352,DesolatePsyche,Violet Evergarden,10
1918,31,33352,ggultra2764,Violet Evergarden,8
1919,50,33352,BabyGirl06301,Violet Evergarden,9
1920,54,33352,Eoussama,Violet Evergarden,8
1922,97,33352,LegendAqua,Violet Evergarden,8
1928,381,33352,Karhu,Violet Evergarden,4
1933,456,33352,Stark700,Violet Evergarden,8
1934,460,33352,PyraXadon,Violet Evergarden,7
1935,523,33352,kajia,Violet Evergarden,7
1937,550,33352,Tyrannicswine117,Violet Evergarden,9
1944,1077,33352,CodeBlazeFate,Violet Evergarden,6
1945,1078,33352,TakamakiJoker,Violet Evergarden,4
3132,0,30015,DesolatePsyche,ReLIFE,9
3133,31,30015,ggultra2764,ReLIFE,8
3134,50,30015,BabyGirl06301,ReLIFE,10
3135,97,30015,LegendAqua,ReLIFE,8
3136,280,30015,BanjoTheBear,ReLIFE,5
3140,460,30015,PyraXadon,ReLIFE,7
3141,462,30015,Flawfinder,ReLIFE,5
3164,1296,30015,Zaku88,ReLIFE,8
3389,0,32615,DesolatePsyche,Youjo Senki,8
3391,31,32615,ggultra2764,Youjo Senki,7
3392,97,32615,LegendAqua,Youjo Senki,9
3393,109,32615,ktulu007,Youjo Senki,6
3398,456,32615,Stark700,Youjo Senki,7
3399,550,32615,Tyrannicswine117,Youjo Senki,8
3405,1077,32615,CodeBlazeFate,Youjo Senki,4
3408,1417,32615,GrayRealm,Youjo Senki,4
3555,0,34599,DesolatePsyche,Made in Abyss,8
3559,31,34599,ggultra2764,Made in Abyss,9
3560,109,34599,ktulu007,Made in Abyss,5
3564,280,34599,BanjoTheBear,Made in Abyss,9
3569,449,34599,HaXXspetten,Made in Abyss,9
3570,456,34599,Stark700,Made in Abyss,9
3572,550,34599,Tyrannicswine117,Made in Abyss,10
3588,1417,34599,GrayRealm,Made in Abyss,6
4391,0,32729,DesolatePsyche,Orange,5
4393,50,32729,BabyGirl06301,Orange,9
4395,97,32729,LegendAqua,Orange,9
4396,104,32729,jc9622,Orange,8
4399,280,32729,BanjoTheBear,Orange,5
4402,456,32729,Stark700,Orange,7
4403,460,32729,PyraXadon,Orange,3
4404,462,32729,Flawfinder,Orange,5
4406,550,32729,Tyrannicswine117,Orange,8
4425,1296,32729,Zaku88,Orange,6
4819,0,31442,DesolatePsyche,Musaigen no Phantom World,7
4820,97,31442,LegendAqua,Musaigen no Phantom World,7
4821,104,31442,jc9622,Musaigen no Phantom World,7
4822,280,31442,BanjoTheBear,Musaigen no Phantom World,5
4824,456,31442,Stark700,Musaigen no Phantom World,3
4825,460,31442,PyraXadon,Musaigen no Phantom World,5
4826,462,31442,Flawfinder,Musaigen no Phantom World,5
4827,530,31442,AnimeFan48,Musaigen no Phantom World,7
4833,1296,31442,Zaku88,Musaigen no Phantom World,7
4964,0,33487,DesolatePsyche,Masamune-kun no Revenge,7
4965,10,33487,angelsreview,Masamune-kun no Revenge,5
4967,97,33487,LegendAqua,Masamune-kun no Revenge,7
4968,280,33487,BanjoTheBear,Masamune-kun no Revenge,4
4972,449,33487,HaXXspetten,Masamune-kun no Revenge,5
4973,456,33487,Stark700,Masamune-kun no Revenge,4
4974,460,33487,PyraXadon,Masamune-kun no Revenge,6
4976,530,33487,AnimeFan48,Masamune-kun no Revenge,8
4977,550,33487,Tyrannicswine117,Masamune-kun no Revenge,6
5461,0,34933,DesolatePsyche,Kakegurui,8
5463,97,34933,LegendAqua,Kakegurui,8
5464,109,34933,ktulu007,Kakegurui,3
5466,280,34933,BanjoTheBear,Kakegurui,7
5472,449,34933,HaXXspetten,Kakegurui,5
5473,456,34933,Stark700,Kakegurui,4
5474,460,34933,PyraXadon,Kakegurui,6
5478,550,34933,Tyrannicswine117,Kakegurui,7
5479,594,34933,EggheadLuna,Kakegurui,4
5488,1417,34933,GrayRealm,Kakegurui,3
5817,0,32901,DesolatePsyche,Eromanga-sensei,7
5819,31,32901,ggultra2764,Eromanga-sensei,3
5820,97,32901,LegendAqua,Eromanga-sensei,6
5827,280,32901,BanjoTheBear,Eromanga-sensei,3
5829,449,32901,HaXXspetten,Eromanga-sensei,8
5830,460,32901,PyraXadon,Eromanga-sensei,5
5833,550,32901,Tyrannicswine117,Eromanga-sensei,4
5835,901,32901,literaturenerd,Eromanga-sensei,2
5838,1078,32901,TakamakiJoker,Eromanga-sensei,1
6257,0,31798,DesolatePsyche,Kiznaiver,9
6258,31,31798,ggultra2764,Kiznaiver,7
6260,97,31798,LegendAqua,Kiznaiver,9
6261,104,31798,jc9622,Kiznaiver,8
6264,280,31798,BanjoTheBear,Kiznaiver,6
6265,456,31798,Stark700,Kiznaiver,6
6266,462,31798,Flawfinder,Kiznaiver,6
6275,1296,31798,Zaku88,Kiznaiver,5
6292,3413,31798,lawlmartz,Kiznaiver,9
6895,0,27631,DesolatePsyche,God Eater,9
6896,50,27631,BabyGirl06301,God Eater,8
6897,97,27631,LegendAqua,God Eater,9
6898,280,27631,BanjoTheBear,God Eater,3
6900,456,27631,Stark700,God Eater,5
6905,1077,27631,CodeBlazeFate,God Eater,6
6908,1296,27631,Zaku88,God Eater,8
6913,3413,27631,lawlmartz,God Eater,3
7029,0,32949,DesolatePsyche,Kuzu no Honkai,7
7030,31,32949,ggultra2764,Kuzu no Honkai,8
7031,50,32949,BabyGirl06301,Kuzu no Honkai,4
7032,54,32949,Eoussama,Kuzu no Honkai,6
7034,97,32949,LegendAqua,Kuzu no Honkai,10
7035,280,32949,BanjoTheBear,Kuzu no Honkai,7
7037,449,32949,HaXXspetten,Kuzu no Honkai,9
7039,456,32949,Stark700,Kuzu no Honkai,6
7040,460,32949,PyraXadon,Kuzu no Honkai,7
7043,550,32949,Tyrannicswine117,Kuzu no Honkai,8
7044,594,32949,EggheadLuna,Kuzu no Honkai,5
7582,0,30307,DesolatePsyche,Monster Musume no Iru Nichijou,9
7585,280,30307,BanjoTheBear,Monster Musume no Iru Nichijou,8
7587,449,30307,HaXXspetten,Monster Musume no Iru Nichijou,8
7588,456,30307,Stark700,Monster Musume no Iru Nichijou,7
7589,460,30307,PyraXadon,Monster Musume no Iru Nichijou,7
7591,550,30307,Tyrannicswine117,Monster Musume no Iru Nichijou,7
7592,901,30307,literaturenerd,Monster Musume no Iru Nichijou,3
7600,1417,30307,GrayRealm,Monster Musume no Iru Nichijou,7
7612,2922,30307,Skadi,Monster Musume no Iru Nichijou,5
9375,33,9989,BowlingJD,Ano Hi Mita Hana no Namae wo Bokutachi wa Mada Shiranai.,9
9378,104,9989,jc9622,Ano Hi Mita Hana no Namae wo Bokutachi wa Mada Shiranai.,9
9379,109,9989,ktulu007,Ano Hi Mita Hana no Namae wo Bokutachi wa Mada Shiranai.,7
9388,228,9989,ratchet573,Ano Hi Mita Hana no Namae wo Bokutachi wa Mada Shiranai.,9
9394,460,9989,PyraXadon,Ano Hi Mita Hana no Namae wo Bokutachi wa Mada Shiranai.,9
9396,503,9989,mouthpiece,Ano Hi Mita Hana no Namae wo Bokutachi wa Mada Shiranai.,6
9398,523,9989,kajia,Ano Hi Mita Hana no Namae wo Bokutachi wa Mada Shiranai.,6
9401,550,9989,Tyrannicswine117,Ano Hi Mita Hana no Namae wo Bokutachi wa Mada Shiranai.,9
9404,650,9989,Archaeon,Ano Hi Mita Hana no Namae wo Bokutachi wa Mada Shiranai.,8
9408,736,9989,mrsKWON,Ano Hi Mita Hana no Namae wo Bokutachi wa Mada Shiranai.,7
9429,1296,9989,Zaku88,Ano Hi Mita Hana no Namae wo Bokutachi wa Mada Shiranai.,9
9454,2213,9989,Nasty001,Ano Hi Mita Hana no Namae wo Bokutachi wa Mada Shiranai.,7
9860,10,9756,angelsreview,Mahou Shoujo Madoka★Magica,8
9861,31,9756,ggultra2764,Mahou Shoujo Madoka★Magica,8
9863,43,9756,HybridMedia,Mahou Shoujo Madoka★Magica,10
9866,104,9756,jc9622,Mahou Shoujo Madoka★Magica,9
9867,109,9756,ktulu007,Mahou Shoujo Madoka★Magica,9
9876,228,9756,ratchet573,Mahou Shoujo Madoka★Magica,9
9884,460,9756,PyraXadon,Mahou Shoujo Madoka★Magica,9
9887,523,9756,kajia,Mahou Shoujo Madoka★Magica,7
9892,594,9756,EggheadLuna,Mahou Shoujo Madoka★Magica,5
9895,650,9756,Archaeon,Mahou Shoujo Madoka★Magica,8
9902,901,9756,literaturenerd,Mahou Shoujo Madoka★Magica,5
9912,1417,9756,GrayRealm,Mahou Shoujo Madoka★Magica,8
9959,3413,9756,lawlmartz,Mahou Shoujo Madoka★Magica,5
10598,31,10620,ggultra2764,Mirai Nikki,4
10600,43,10620,HybridMedia,Mirai Nikki,3
10602,50,10620,BabyGirl06301,Mirai Nikki,7
10613,228,10620,ratchet573,Mirai Nikki,6
10618,456,10620,Stark700,Mirai Nikki,9
10620,503,10620,mouthpiece,Mirai Nikki,4
10626,736,10620,mrsKWON,Mirai Nikki,7
10628,809,10620,FullmetalCowboy,Mirai Nikki,4
10633,901,10620,literaturenerd,Mirai Nikki,4
10695,3413,10620,lawlmartz,Mirai Nikki,8
12221,33,1535,BowlingJD,Death Note,6
12224,50,1535,BabyGirl06301,Death Note,9
12234,258,1535,Fear_the_Reefer,Death Note,7
12240,460,1535,PyraXadon,Death Note,7
12241,462,1535,Flawfinder,Death Note,5
12244,523,1535,kajia,Death Note,9
12249,651,1535,Master10K,Death Note,10
12258,736,1535,mrsKWON,Death Note,9
12266,809,1535,FullmetalCowboy,Death Note,8
12273,901,1535,literaturenerd,Death Note,6
12282,1077,1535,CodeBlazeFate,Death Note,7
12364,3413,1535,lawlmartz,Death Note,10
13081,109,30276,ktulu007,One Punch Man,6
13087,258,30276,Fear_the_Reefer,One Punch Man,9
13088,280,30276,BanjoTheBear,One Punch Man,7
13094,456,30276,Stark700,One Punch Man,8
13095,460,30276,PyraXadon,One Punch Man,7
13097,462,30276,Flawfinder,One Punch Man,4
13101,550,30276,Tyrannicswine117,One Punch Man,10
13105,901,30276,literaturenerd,One Punch Man,7
13141,1296,30276,Zaku88,One Punch Man,6
13769,43,2251,HybridMedia,Baccano!,8
13770,54,2251,Eoussama,Baccano!,9
13772,109,2251,ktulu007,Baccano!,6
13775,228,2251,ratchet573,Baccano!,9
13783,462,2251,Flawfinder,Baccano!,6
13786,523,2251,kajia,Baccano!,9
13791,651,2251,Master10K,Baccano!,9
13795,809,2251,FullmetalCowboy,Baccano!,9
13797,901,2251,literaturenerd,Baccano!,10
13816,1893,2251,SupremeLord,Baccano!,8
14284,104,4181,jc9622,Clannad: After Story,10
14290,228,4181,ratchet573,Clannad: After Story,10
14292,258,4181,Fear_the_Reefer,Clannad: After Story,4
14293,381,4181,Karhu,Clannad: After Story,4
14294,460,4181,PyraXadon,Clannad: After Story,10
14295,503,4181,mouthpiece,Clannad: After Story,7
14298,523,4181,kajia,Clannad: After Story,4
14301,550,4181,Tyrannicswine117,Clannad: After Story,10
14346,1296,4181,Zaku88,Clannad: After Story,10
15503,10,4224,angelsreview,Toradora!,6
15505,43,4224,HybridMedia,Toradora!,9
15507,104,4224,jc9622,Toradora!,9
15508,109,4224,ktulu007,Toradora!,5
15517,228,4224,ratchet573,Toradora!,9
15522,258,4224,Fear_the_Reefer,Toradora!,10
15538,530,4224,AnimeFan48,Toradora!,10
15539,550,4224,Tyrannicswine117,Toradora!,6
15558,1078,4224,TakamakiJoker,Toradora!,9
16169,54,12355,Eoussama,Ookami Kodomo no Ame to Yuki,9
16171,109,12355,ktulu007,Ookami Kodomo no Ame to Yuki,7
16176,456,12355,Stark700,Ookami Kodomo no Ame to Yuki,8
16177,460,12355,PyraXadon,Ookami Kodomo no Ame to Yuki,9
16179,503,12355,mouthpiece,Ookami Kodomo no Ame to Yuki,6
16180,550,12355,Tyrannicswine117,Ookami Kodomo no Ame to Yuki,10
16184,901,12355,literaturenerd,Ookami Kodomo no Ame to Yuki,5
16186,1078,12355,TakamakiJoker,Ookami Kodomo no Ame to Yuki,10
16398,31,18679,ggultra2764,Kill la Kill,8
16400,54,18679,Eoussama,Kill la Kill,8
16402,109,18679,ktulu007,Kill la Kill,3
16406,228,18679,ratchet573,Kill la Kill,6
16407,258,18679,Fear_the_Reefer,Kill la Kill,10
16413,462,18679,Flawfinder,Kill la Kill,8
16415,503,18679,mouthpiece,Kill la Kill,7
16422,901,18679,literaturenerd,Kill la Kill,4
16476,3413,18679,lawlmartz,Kill la Kill,10
16979,31,11757,ggultra2764,Sword Art Online,5
16980,43,11757,HybridMedia,Sword Art Online,3
16981,50,11757,BabyGirl06301,Sword Art Online,8
16985,104,11757,jc9622,Sword Art Online,9
16986,109,11757,ktulu007,Sword Art Online,2
16996,228,11757,ratchet573,Sword Art Online,4
17000,258,11757,Fear_the_Reefer,Sword Art Online,5
17007,381,11757,Karhu,Sword Art Online,3
17010,456,11757,Stark700,Sword Art Online,6
17011,460,11757,PyraXadon,Sword Art Online,8
17015,503,11757,mouthpiece,Sword Art Online,3
17018,550,11757,Tyrannicswine117,Sword Art Online,8
17027,736,11757,mrsKWON,Sword Art Online,8
17032,809,11757,FullmetalCowboy,Sword Art Online,4
17035,901,11757,literaturenerd,Sword Art Online,4
17049,1077,11757,CodeBlazeFate,Sword Art Online,5
17087,1893,11757,SupremeLord,Sword Art Online,3
17102,2213,11757,Nasty001,Sword Art Online,6
17177,3413,11757,lawlmartz,Sword Art Online,7
18543,10,226,angelsreview,Elfen Lied,7
18545,43,226,HybridMedia,Elfen Lied,5
18546,50,226,BabyGirl06301,Elfen Lied,9
18548,109,226,ktulu007,Elfen Lied,1
18554,228,226,ratchet573,Elfen Lied,6
18556,258,226,Fear_the_Reefer,Elfen Lied,5
18562,523,226,kajia,Elfen Lied,5
18564,550,226,Tyrannicswine117,Elfen Lied,7
18579,809,226,FullmetalCowboy,Elfen Lied,6
18581,901,226,literaturenerd,Elfen Lied,10
18590,1296,226,Zaku88,Elfen Lied,9
18640,3413,226,lawlmartz,Elfen Lied,7
19497,50,19815,BabyGirl06301,No Game No Life,7
19499,54,19815,Eoussama,No Game No Life,8
19505,228,19815,ratchet573,No Game No Life,8
19513,449,19815,HaXXspetten,No Game No Life,10
19514,456,19815,Stark700,No Game No Life,8
19515,460,19815,PyraXadon,No Game No Life,9
19521,550,19815,Tyrannicswine117,No Game No Life,9
19522,751,19815,Hectotane,No Game No Life,7
19529,1077,19815,CodeBlazeFate,No Game No Life,6
19538,1417,19815,GrayRealm,No Game No Life,8
20458,33,2001,BowlingJD,Tengen Toppa Gurren Lagann,8
20460,109,2001,ktulu007,Tengen Toppa Gurren Lagann,6
20463,228,2001,ratchet573,Tengen Toppa Gurren Lagann,9
20465,258,2001,Fear_the_Reefer,Tengen Toppa Gurren Lagann,8
20473,523,2001,kajia,Tengen Toppa Gurren Lagann,8
20482,651,2001,Master10K,Tengen Toppa Gurren Lagann,9
20486,809,2001,FullmetalCowboy,Tengen Toppa Gurren Lagann,9
20493,1077,2001,CodeBlazeFate,Tengen Toppa Gurren Lagann,9
20494,1078,2001,TakamakiJoker,Tengen Toppa Gurren Lagann,10
20507,1893,2001,SupremeLord,Tengen Toppa Gurren Lagann,9
20530,2922,2001,Skadi,Tengen Toppa Gurren Lagann,7
22982,10,227,angelsreview,FLCL,9
22983,31,227,ggultra2764,FLCL,9
22984,54,227,Eoussama,FLCL,8
22991,228,227,ratchet573,FLCL,9
22993,460,227,PyraXadon,FLCL,8
22996,523,227,kajia,FLCL,1
22998,550,227,Tyrannicswine117,FLCL,10
23007,809,227,FullmetalCowboy,FLCL,10
23011,901,227,literaturenerd,FLCL,7
23015,1077,227,CodeBlazeFate,FLCL,4
23045,3413,227,lawlmartz,FLCL,10
23342,10,33206,angelsreview,Kobayashi-san Chi no Maid Dragon,6
23344,97,33206,LegendAqua,Kobayashi-san Chi no Maid Dragon,9
23345,109,33206,ktulu007,Kobayashi-san Chi no Maid Dragon,7
23352,280,33206,BanjoTheBear,Kobayashi-san Chi no Maid Dragon,7
23356,449,33206,HaXXspetten,Kobayashi-san Chi no Maid Dragon,8
23357,456,33206,Stark700,Kobayashi-san Chi no Maid Dragon,8
23358,460,33206,PyraXadon,Kobayashi-san Chi no Maid Dragon,7
23361,530,33206,AnimeFan48,Kobayashi-san Chi no Maid Dragon,8
23364,550,33206,Tyrannicswine117,Kobayashi-san Chi no Maid Dragon,9
23365,594,33206,EggheadLuna,Kobayashi-san Chi no Maid Dragon,3
23376,1417,33206,GrayRealm,Kobayashi-san Chi no Maid Dragon,7
23691,10,47,angelsreview,Akira,7
23692,54,47,Eoussama,Akira,8
23696,258,47,Fear_the_Reefer,Akira,5
23700,523,47,kajia,Akira,6
23702,550,47,Tyrannicswine117,Akira,9
23709,809,47,FullmetalCowboy,Akira,9
23713,901,47,literaturenerd,Akira,8
23729,2762,47,Sidewinder51,Akira,5
24596,10,2167,angelsreview,Clannad,8
24602,33,2167,BowlingJD,Clannad,4
24603,43,2167,HybridMedia,Clannad,7
24607,104,2167,jc9622,Clannad,8
24615,228,2167,ratchet573,Clannad,9
24618,258,2167,Fear_the_Reefer,Clannad,3
24625,523,2167,kajia,Clannad,3
24627,550,2167,Tyrannicswine117,Clannad,9
24632,651,2167,Master10K,Clannad,9
24656,1296,2167,Zaku88,Clannad,9
25019,10,849,angelsreview,Suzumiya Haruhi no Yuuutsu,8
25020,33,849,BowlingJD,Suzumiya Haruhi no Yuuutsu,5
25023,104,849,jc9622,Suzumiya Haruhi no Yuuutsu,9
25024,109,849,ktulu007,Suzumiya Haruhi no Yuuutsu,6
25032,258,849,Fear_the_Reefer,Suzumiya Haruhi no Yuuutsu,7
25046,594,849,EggheadLuna,Suzumiya Haruhi no Yuuutsu,6
25048,651,849,Master10K,Suzumiya Haruhi no Yuuutsu,10
25054,809,849,FullmetalCowboy,Suzumiya Haruhi no Yuuutsu,9
25056,901,849,literaturenerd,Suzumiya Haruhi no Yuuutsu,4
25288,10,7724,angelsreview,Shiki,8
25289,33,7724,BowlingJD,Shiki,6
25291,43,7724,HybridMedia,Shiki,8
25293,54,7724,Eoussama,Shiki,8
25297,97,7724,LegendAqua,Shiki,9
25298,109,7724,ktulu007,Shiki,8
25300,228,7724,ratchet573,Shiki,10
25302,258,7724,Fear_the_Reefer,Shiki,7
25310,650,7724,Archaeon,Shiki,8
25313,736,7724,mrsKWON,Shiki,8
25321,901,7724,literaturenerd,Shiki,5
27371,10,6347,angelsreview,Baka to Test to Shoukanjuu,9
27372,109,6347,ktulu007,Baka to Test to Shoukanjuu,1
27377,228,6347,ratchet573,Baka to Test to Shoukanjuu,7
27379,460,6347,PyraXadon,Baka to Test to Shoukanjuu,8
27380,550,6347,Tyrannicswine117,Baka to Test to Shoukanjuu,8
27385,736,6347,mrsKWON,Baka to Test to Shoukanjuu,7
27388,809,6347,FullmetalCowboy,Baka to Test to Shoukanjuu,6
27389,1296,6347,Zaku88,Baka to Test to Shoukanjuu,4
31102,10,8074,angelsreview,Highschool of the Dead,7
31103,31,8074,ggultra2764,Highschool of the Dead,5
31104,43,8074,HybridMedia,Highschool of the Dead,5
31105,50,8074,BabyGirl06301,Highschool of the Dead,7
31110,109,8074,ktulu007,Highschool of the Dead,1
31121,550,8074,Tyrannicswine117,Highschool of the Dead,7
31129,736,8074,mrsKWON,Highschool of the Dead,9
31132,809,8074,FullmetalCowboy,Highschool of the Dead,5
31135,901,8074,literaturenerd,Highschool of the Dead,2
31144,1296,8074,Zaku88,Highschool of the Dead,7
31170,3413,8074,lawlmartz,Highschool of the Dead,8
31703,10,101,angelsreview,Air,8
31705,43,101,HybridMedia,Air,6
31708,109,101,ktulu007,Air,5
31711,228,101,ratchet573,Air,6
31721,651,101,Master10K,Air,8
31732,1296,101,Zaku88,Air,10
31739,2762,101,Sidewinder51,Air,10
31749,3413,101,lawlmartz,Air,6
32064,104,12189,jc9622,Hyouka,9
32065,109,12189,ktulu007,Hyouka,5
32074,449,12189,HaXXspetten,Hyouka,6
32075,456,12189,Stark700,Hyouka,9
32076,462,12189,Flawfinder,Hyouka,7
32078,503,12189,mouthpiece,Hyouka,6
32082,736,12189,mrsKWON,Hyouka,8
32115,2213,12189,Nasty001,Hyouka,8
32902,31,339,ggultra2764,Serial Experiments Lain,10
32903,33,339,BowlingJD,Serial Experiments Lain,5
32904,43,339,HybridMedia,Serial Experiments Lain,9
32906,97,339,LegendAqua,Serial Experiments Lain,9
32907,109,339,ktulu007,Serial Experiments Lain,6
32912,228,339,ratchet573,Serial Experiments Lain,8
32916,381,339,Karhu,Serial Experiments Lain,9
32919,523,339,kajia,Serial Experiments Lain,7
32936,809,339,FullmetalCowboy,Serial Experiments Lain,8
32938,901,339,literaturenerd,Serial Experiments Lain,7
32957,3413,339,lawlmartz,Serial Experiments Lain,9
33102,31,10087,ggultra2764,Fate/Zero,8
33104,50,10087,BabyGirl06301,Fate/Zero,9
33107,104,10087,jc9622,Fate/Zero,9
33108,109,10087,ktulu007,Fate/Zero,8
33112,228,10087,ratchet573,Fate/Zero,9
33115,503,10087,mouthpiece,Fate/Zero,7
33118,650,10087,Archaeon,Fate/Zero,9
33126,1077,10087,CodeBlazeFate,Fate/Zero,7
33132,1296,10087,Zaku88,Fate/Zero,9
33139,1893,10087,SupremeLord,Fate/Zero,9
33296,43,11741,HybridMedia,Fate/Zero 2nd Season,9
33297,50,11741,BabyGirl06301,Fate/Zero 2nd Season,8
33300,104,11741,jc9622,Fate/Zero 2nd Season,9
33302,228,11741,ratchet573,Fate/Zero 2nd Season,9
33303,456,11741,Stark700,Fate/Zero 2nd Season,10
33307,650,11741,Archaeon,Fate/Zero 2nd Season,9
33312,1077,11741,CodeBlazeFate,Fate/Zero 2nd Season,8
33313,1078,11741,TakamakiJoker,Fate/Zero 2nd Season,10
33336,3413,11741,lawlmartz,Fate/Zero 2nd Season,9
33618,50,35790,BabyGirl06301,Tate no Yuusha no Nariagari,9
33619,54,35790,Eoussama,Tate no Yuusha no Nariagari,8
33620,97,35790,LegendAqua,Tate no Yuusha no Nariagari,9
33621,109,35790,ktulu007,Tate no Yuusha no Nariagari,6
33628,381,35790,Karhu,Tate no Yuusha no Nariagari,7
33633,455,35790,KANLen09,Tate no Yuusha no Nariagari,6
33634,456,35790,Stark700,Tate no Yuusha no Nariagari,4
33636,460,35790,PyraXadon,Tate no Yuusha no Nariagari,5
33641,901,35790,literaturenerd,Tate no Yuusha no Nariagari,4
33644,1078,35790,TakamakiJoker,Tate no Yuusha no Nariagari,5
34263,31,22199,ggultra2764,Akame ga Kill!,5
34265,54,22199,Eoussama,Akame ga Kill!,5
34269,104,22199,jc9622,Akame ga Kill!,7
34273,280,22199,BanjoTheBear,Akame ga Kill!,4
34277,456,22199,Stark700,Akame ga Kill!,5
34278,462,22199,Flawfinder,Akame ga Kill!,2
34286,901,22199,literaturenerd,Akame ga Kill!,2
34296,1077,22199,CodeBlazeFate,Akame ga Kill!,4
34359,3413,22199,lawlmartz,Akame ga Kill!,5
34744,31,5114,ggultra2764,Fullmetal Alchemist: Brotherhood,6
34746,50,5114,BabyGirl06301,Fullmetal Alchemist: Brotherhood,10
34748,109,5114,ktulu007,Fullmetal Alchemist: Brotherhood,8
34753,258,5114,Fear_the_Reefer,Fullmetal Alchemist: Brotherhood,7
34758,550,5114,Tyrannicswine117,Fullmetal Alchemist: Brotherhood,10
34763,650,5114,Archaeon,Fullmetal Alchemist: Brotherhood,9
34772,809,5114,FullmetalCowboy,Fullmetal Alchemist: Brotherhood,10
34775,901,5114,literaturenerd,Fullmetal Alchemist: Brotherhood,7
36204,50,28999,BabyGirl06301,Charlotte,7
36205,54,28999,Eoussama,Charlotte,7
36206,104,28999,jc9622,Charlotte,7
36207,109,28999,ktulu007,Charlotte,8
36213,280,28999,BanjoTheBear,Charlotte,3
36217,449,28999,HaXXspetten,Charlotte,6
36218,456,28999,Stark700,Charlotte,5
36219,460,28999,PyraXadon,Charlotte,6
36220,462,28999,Flawfinder,Charlotte,4
36221,550,28999,Tyrannicswine117,Charlotte,9
36407,1296,28999,Zaku88,Charlotte,7
37498,97,30831,LegendAqua,Kono Subarashii Sekai ni Shukufuku wo!,9
37509,280,30831,BanjoTheBear,Kono Subarashii Sekai ni Shukufuku wo!,9
37517,449,30831,HaXXspetten,Kono Subarashii Sekai ni Shukufuku wo!,9
37518,456,30831,Stark700,Kono Subarashii Sekai ni Shukufuku wo!,8
37519,460,30831,PyraXadon,Kono Subarashii Sekai ni Shukufuku wo!,8
37524,550,30831,Tyrannicswine117,Kono Subarashii Sekai ni Shukufuku wo!,9
37533,1077,30831,CodeBlazeFate,Kono Subarashii Sekai ni Shukufuku wo!,5
37534,1078,30831,TakamakiJoker,Kono Subarashii Sekai ni Shukufuku wo!,8
37540,1296,30831,Zaku88,Kono Subarashii Sekai ni Shukufuku wo!,7
37547,1417,30831,GrayRealm,Kono Subarashii Sekai ni Shukufuku wo!,7
37581,3413,30831,lawlmartz,Kono Subarashii Sekai ni Shukufuku wo!,5
40020,97,31953,LegendAqua,New Game!,9
40021,104,31953,jc9622,New Game!,9
40022,109,31953,ktulu007,New Game!,8
40025,280,31953,BanjoTheBear,New Game!,7
40027,449,31953,HaXXspetten,New Game!,9
40028,456,31953,Stark700,New Game!,7
40029,460,31953,PyraXadon,New Game!,6
40031,530,31953,AnimeFan48,New Game!,8
40033,1296,31953,Zaku88,New Game!,4
40180,31,10793,ggultra2764,Guilty Crown,5
40181,104,10793,jc9622,Guilty Crown,7
40183,462,10793,Flawfinder,Guilty Crown,8
40188,650,10793,Archaeon,Guilty Crown,6
40192,736,10793,mrsKWON,Guilty Crown,7
40193,751,10793,Hectotane,Guilty Crown,4
40202,1078,10793,TakamakiJoker,Guilty Crown,4
40240,3413,10793,lawlmartz,Guilty Crown,7
41066,31,11617,ggultra2764,High School DxD,6
41067,54,11617,Eoussama,High School DxD,7
41068,228,11617,ratchet573,High School DxD,7
41071,456,11617,Stark700,High School DxD,8
41074,550,11617,Tyrannicswine117,High School DxD,9
41078,901,11617,literaturenerd,High School DxD,5
41083,1296,11617,Zaku88,High School DxD,7
41089,2213,11617,Nasty001,High School DxD,6
41696,50,21881,BabyGirl06301,Sword Art Online II,8
41699,104,21881,jc9622,Sword Art Online II,8
41700,109,21881,ktulu007,Sword Art Online II,3
41703,228,21881,ratchet573,Sword Art Online II,5
41705,280,21881,BanjoTheBear,Sword Art Online II,7
41709,456,21881,Stark700,Sword Art Online II,6
41710,460,21881,PyraXadon,Sword Art Online II,8
41714,550,21881,Tyrannicswine117,Sword Art Online II,8
41723,1077,21881,CodeBlazeFate,Sword Art Online II,7
41757,3413,21881,lawlmartz,Sword Art Online II,5
43541,31,9289,ggultra2764,Hanasaku Iroha,7
43542,33,9289,BowlingJD,Hanasaku Iroha,6
43544,104,9289,jc9622,Hanasaku Iroha,9
43547,228,9289,ratchet573,Hanasaku Iroha,9
43548,280,9289,BanjoTheBear,Hanasaku Iroha,7
43554,650,9289,Archaeon,Hanasaku Iroha,7
43555,736,9289,mrsKWON,Hanasaku Iroha,8
43560,1296,9289,Zaku88,Hanasaku Iroha,7
43715,31,27775,ggultra2764,Plastic Memories,6
43718,104,27775,jc9622,Plastic Memories,7
43723,280,27775,BanjoTheBear,Plastic Memories,6
43725,449,27775,HaXXspetten,Plastic Memories,8
43726,456,27775,Stark700,Plastic Memories,7
43727,460,27775,PyraXadon,Plastic Memories,7
43728,462,27775,Flawfinder,Plastic Memories,2
43769,3413,27775,lawlmartz,Plastic Memories,3
45687,31,28223,ggultra2764,Death Parade,9
45689,50,28223,BabyGirl06301,Death Parade,10
45692,109,28223,ktulu007,Death Parade,9
45696,228,28223,ratchet573,Death Parade,8
45699,280,28223,BanjoTheBear,Death Parade,6
45704,456,28223,Stark700,Death Parade,9
45705,460,28223,PyraXadon,Death Parade,9
45708,550,28223,Tyrannicswine117,Death Parade,9
45714,901,28223,literaturenerd,Death Parade,5
45778,3413,28223,lawlmartz,Death Parade,10
46768,31,6,ggultra2764,Trigun,8
46769,43,6,HybridMedia,Trigun,9
46775,523,6,kajia,Trigun,8
46777,550,6,Tyrannicswine117,Trigun,9
46781,651,6,Master10K,Trigun,9
46784,809,6,FullmetalCowboy,Trigun,9
46785,901,6,literaturenerd,Trigun,10
46790,1078,6,TakamakiJoker,Trigun,8
47225,31,30,ggultra2764,Neon Genesis Evangelion,7
47226,43,30,HybridMedia,Neon Genesis Evangelion,8
47229,109,30,ktulu007,Neon Genesis Evangelion,1
47232,258,30,Fear_the_Reefer,Neon Genesis Evangelion,7
47241,523,30,kajia,Neon Genesis Evangelion,7
47250,594,30,EggheadLuna,Neon Genesis Evangelion,8
47254,650,30,Archaeon,Neon Genesis Evangelion,5
47264,809,30,FullmetalCowboy,Neon Genesis Evangelion,8
47266,901,30,literaturenerd,Neon Genesis Evangelion,7
47272,1077,30,CodeBlazeFate,Neon Genesis Evangelion,9
47273,1078,30,TakamakiJoker,Neon Genesis Evangelion,9
47289,1893,30,SupremeLord,Neon Genesis Evangelion,9
47788,31,437,ggultra2764,Perfect Blue,9
47789,33,437,BowlingJD,Perfect Blue,10
47790,43,437,HybridMedia,Perfect Blue,8
47791,109,437,ktulu007,Perfect Blue,10
47795,503,437,mouthpiece,Perfect Blue,8
47796,550,437,Tyrannicswine117,Perfect Blue,10
47799,809,437,FullmetalCowboy,Perfect Blue,9
47800,901,437,literaturenerd,Perfect Blue,9
47806,2762,437,Sidewinder51,Perfect Blue,9
47810,3413,437,lawlmartz,Perfect Blue,8
47876,31,12531,ggultra2764,Sakamichi no Apollon,9
47878,50,12531,BabyGirl06301,Sakamichi no Apollon,8
47879,109,12531,ktulu007,Sakamichi no Apollon,3
47882,228,12531,ratchet573,Sakamichi no Apollon,5
47884,456,12531,Stark700,Sakamichi no Apollon,9
47885,503,12531,mouthpiece,Sakamichi no Apollon,5
47886,550,12531,Tyrannicswine117,Sakamichi no Apollon,9
47889,736,12531,mrsKWON,Sakamichi no Apollon,8
48027,31,13601,ggultra2764,Psycho-Pass,9
48028,43,13601,HybridMedia,Psycho-Pass,8
48031,50,13601,BabyGirl06301,Psycho-Pass,9
48032,54,13601,Eoussama,Psycho-Pass,9
48036,109,13601,ktulu007,Psycho-Pass,9
48040,228,13601,ratchet573,Psycho-Pass,9
48048,456,13601,Stark700,Psycho-Pass,8
48049,503,13601,mouthpiece,Psycho-Pass,5
48050,550,13601,Tyrannicswine117,Psycho-Pass,9
48056,736,13601,mrsKWON,Psycho-Pass,9
48058,901,13601,literaturenerd,Psycho-Pass,10
48067,1077,13601,CodeBlazeFate,Psycho-Pass,8
48082,1893,13601,SupremeLord,Psycho-Pass,9
48470,31,37999,ggultra2764,Kaguya-sama wa Kokurasetai: Tensai-tachi no Renai Zunousen,5
48472,54,37999,Eoussama,Kaguya-sama wa Kokurasetai: Tensai-tachi no Renai Zunousen,8
48473,97,37999,LegendAqua,Kaguya-sama wa Kokurasetai: Tensai-tachi no Renai Zunousen,10
48480,381,37999,Karhu,Kaguya-sama wa Kokurasetai: Tensai-tachi no Renai Zunousen,9
48483,449,37999,HaXXspetten,Kaguya-sama wa Kokurasetai: Tensai-tachi no Renai Zunousen,9
48485,456,37999,Stark700,Kaguya-sama wa Kokurasetai: Tensai-tachi no Renai Zunousen,9
48487,460,37999,PyraXadon,Kaguya-sama wa Kokurasetai: Tensai-tachi no Renai Zunousen,8
48492,1077,37999,CodeBlazeFate,Kaguya-sama wa Kokurasetai: Tensai-tachi no Renai Zunousen,9
49010,31,820,ggultra2764,Ginga Eiyuu Densetsu,9
49011,33,820,BowlingJD,Ginga Eiyuu Densetsu,9
49014,109,820,ktulu007,Ginga Eiyuu Densetsu,2
49019,381,820,Karhu,Ginga Eiyuu Densetsu,6
49021,449,820,HaXXspetten,Ginga Eiyuu Densetsu,9
49023,523,820,kajia,Ginga Eiyuu Densetsu,8
49024,594,820,EggheadLuna,Ginga Eiyuu Densetsu,8
49028,809,820,FullmetalCowboy,Ginga Eiyuu Densetsu,9
49029,901,820,literaturenerd,Ginga Eiyuu Densetsu,9
49033,1417,820,GrayRealm,Ginga Eiyuu Densetsu,7
49126,31,1,ggultra2764,Cowboy Bebop,10
49127,33,1,BowlingJD,Cowboy Bebop,9
49132,109,1,ktulu007,Cowboy Bebop,10
49139,258,1,Fear_the_Reefer,Cowboy Bebop,10
49148,523,1,kajia,Cowboy Bebop,9
49163,809,1,FullmetalCowboy,Cowboy Bebop,10
49169,901,1,literaturenerd,Cowboy Bebop,10
49177,1077,1,CodeBlazeFate,Cowboy Bebop,9
49209,3413,1,lawlmartz,Cowboy Bebop,9
49487,31,32,ggultra2764,Neon Genesis Evangelion: The End of Evangelion,5
49489,109,32,ktulu007,Neon Genesis Evangelion: The End of Evangelion,1
49495,523,32,kajia,Neon Genesis Evangelion: The End of Evangelion,7
49503,751,32,Hectotane,Neon Genesis Evangelion: The End of Evangelion,2
49505,809,32,FullmetalCowboy,Neon Genesis Evangelion: The End of Evangelion,9
49506,901,32,literaturenerd,Neon Genesis Evangelion: The End of Evangelion,7
49508,1077,32,CodeBlazeFate,Neon Genesis Evangelion: The End of Evangelion,10
49509,1078,32,TakamakiJoker,Neon Genesis Evangelion: The End of Evangelion,10
49515,1893,32,SupremeLord,Neon Genesis Evangelion: The End of Evangelion,6
49756,31,37450,ggultra2764,Seishun Buta Yarou wa Bunny Girl Senpai no Yume wo Minai,9
49757,50,37450,BabyGirl06301,Seishun Buta Yarou wa Bunny Girl Senpai no Yume wo Minai,9
49758,54,37450,Eoussama,Seishun Buta Yarou wa Bunny Girl Senpai no Yume wo Minai,8
49759,97,37450,LegendAqua,Seishun Buta Yarou wa Bunny Girl Senpai no Yume wo Minai,9
49764,381,37450,Karhu,Seishun Buta Yarou wa Bunny Girl Senpai no Yume wo Minai,4
49767,456,37450,Stark700,Seishun Buta Yarou wa Bunny Girl Senpai no Yume wo Minai,9
49770,460,37450,PyraXadon,Seishun Buta Yarou wa Bunny Girl Senpai no Yume wo Minai,8
49779,1078,37450,TakamakiJoker,Seishun Buta Yarou wa Bunny Girl Senpai no Yume wo Minai,9
50458,31,14741,ggultra2764,Chuunibyou demo Koi ga Shitai!,7
50464,104,14741,jc9622,Chuunibyou demo Koi ga Shitai!,8
50471,228,14741,ratchet573,Chuunibyou demo Koi ga Shitai!,6
50477,381,14741,Karhu,Chuunibyou demo Koi ga Shitai!,10
50478,456,14741,Stark700,Chuunibyou demo Koi ga Shitai!,9
50479,460,14741,PyraXadon,Chuunibyou demo Koi ga Shitai!,8
50481,503,14741,mouthpiece,Chuunibyou demo Koi ga Shitai!,4
50483,550,14741,Tyrannicswine117,Chuunibyou demo Koi ga Shitai!,8
50489,736,14741,mrsKWON,Chuunibyou demo Koi ga Shitai!,8
50500,1296,14741,Zaku88,Chuunibyou demo Koi ga Shitai!,8
50514,2213,14741,Nasty001,Chuunibyou demo Koi ga Shitai!,7
51253,31,1033,ggultra2764,Sennen Joyuu,10
51254,33,1033,BowlingJD,Sennen Joyuu,8
51255,43,1033,HybridMedia,Sennen Joyuu,9
51260,462,1033,Flawfinder,Sennen Joyuu,6
51261,503,1033,mouthpiece,Sennen Joyuu,8
51262,809,1033,FullmetalCowboy,Sennen Joyuu,9
51264,1077,1033,CodeBlazeFate,Sennen Joyuu,10
51266,2922,1033,Skadi,Sennen Joyuu,10
51269,3413,1033,lawlmartz,Sennen Joyuu,8
52423,31,16742,ggultra2764,Watashi ga Motenai no wa Dou Kangaetemo Omaera ga Warui!,6
52426,109,16742,ktulu007,Watashi ga Motenai no wa Dou Kangaetemo Omaera ga Warui!,3
52431,228,16742,ratchet573,Watashi ga Motenai no wa Dou Kangaetemo Omaera ga Warui!,7
52434,280,16742,BanjoTheBear,Watashi ga Motenai no wa Dou Kangaetemo Omaera ga Warui!,8
52438,381,16742,Karhu,Watashi ga Motenai no wa Dou Kangaetemo Omaera ga Warui!,5
52440,456,16742,Stark700,Watashi ga Motenai no wa Dou Kangaetemo Omaera ga Warui!,9
52442,530,16742,AnimeFan48,Watashi ga Motenai no wa Dou Kangaetemo Omaera ga Warui!,9
52463,2213,16742,Nasty001,Watashi ga Motenai no wa Dou Kangaetemo Omaera ga Warui!,8
53053,31,11111,ggultra2764,Another,7
53055,50,11111,BabyGirl06301,Another,10
53056,109,11111,ktulu007,Another,9
53061,258,11111,Fear_the_Reefer,Another,4
53062,280,11111,BanjoTheBear,Another,6
53066,449,11111,HaXXspetten,Another,4
53067,460,11111,PyraXadon,Another,6
53070,503,11111,mouthpiece,Another,2
53072,550,11111,Tyrannicswine117,Another,9
53081,736,11111,mrsKWON,Another,9
53089,901,11111,literaturenerd,Another,5
53109,1296,11111,Zaku88,Another,8
53132,2213,11111,Nasty001,Another,7
54100,31,34561,ggultra2764,Re:Creators,8
54101,97,34561,LegendAqua,Re:Creators,9
54102,109,34561,ktulu007,Re:Creators,4
54106,456,34561,Stark700,Re:Creators,5
54108,550,34561,Tyrannicswine117,Re:Creators,9
54115,1077,34561,CodeBlazeFate,Re:Creators,8
54116,1078,34561,TakamakiJoker,Re:Creators,7
54120,1417,34561,GrayRealm,Re:Creators,3
54706,31,16524,ggultra2764,Suisei no Gargantia,8
54707,43,16524,HybridMedia,Suisei no Gargantia,7
54708,109,16524,ktulu007,Suisei no Gargantia,7
54710,228,16524,ratchet573,Suisei no Gargantia,5
54714,456,16524,Stark700,Suisei no Gargantia,8
54715,503,16524,mouthpiece,Suisei no Gargantia,4
54718,751,16524,Hectotane,Suisei no Gargantia,8
54741,3413,16524,lawlmartz,Suisei no Gargantia,8
54973,31,23281,ggultra2764,Psycho-Pass 2,5
54975,50,23281,BabyGirl06301,Psycho-Pass 2,8
54976,54,23281,Eoussama,Psycho-Pass 2,7
54981,228,23281,ratchet573,Psycho-Pass 2,8
54982,280,23281,BanjoTheBear,Psycho-Pass 2,6
54987,456,23281,Stark700,Psycho-Pass 2,5
54989,550,23281,Tyrannicswine117,Psycho-Pass 2,8
54990,1077,23281,CodeBlazeFate,Psycho-Pass 2,3
54998,1893,23281,SupremeLord,Psycho-Pass 2,5
57428,31,10396,ggultra2764,Ben-To,7
57432,228,10396,ratchet573,Ben-To,6
57433,258,10396,Fear_the_Reefer,Ben-To,7
57439,503,10396,mouthpiece,Ben-To,3
57440,530,10396,AnimeFan48,Ben-To,8
57442,650,10396,Archaeon,Ben-To,6
57449,1296,10396,Zaku88,Ben-To,5
57451,1417,10396,GrayRealm,Ben-To,7
57455,2213,10396,Nasty001,Ben-To,6
57902,31,32686,ggultra2764,Keijo!!!!!!!!,6
57903,97,32686,LegendAqua,Keijo!!!!!!!!,9
57905,280,32686,BanjoTheBear,Keijo!!!!!!!!,7
57908,449,32686,HaXXspetten,Keijo!!!!!!!!,7
57911,550,32686,Tyrannicswine117,Keijo!!!!!!!!,8
57912,901,32686,literaturenerd,Keijo!!!!!!!!,5
57914,1077,32686,CodeBlazeFate,Keijo!!!!!!!!,7
57918,1417,32686,GrayRealm,Keijo!!!!!!!!,9
57926,3413,32686,lawlmartz,Keijo!!!!!!!!,3
58800,33,889,BowlingJD,Black Lagoon,9
58801,43,889,HybridMedia,Black Lagoon,8
58804,97,889,LegendAqua,Black Lagoon,9
58805,109,889,ktulu007,Black Lagoon,8
58808,228,889,ratchet573,Black Lagoon,9
58813,550,889,Tyrannicswine117,Black Lagoon,9
58823,901,889,literaturenerd,Black Lagoon,6
58848,3413,889,lawlmartz,Black Lagoon,10
59359,33,2966,BowlingJD,Ookami to Koushinryou,9
59360,97,2966,LegendAqua,Ookami to Koushinryou,9
59361,109,2966,ktulu007,Ookami to Koushinryou,6
59363,258,2966,Fear_the_Reefer,Ookami to Koushinryou,10
59364,280,2966,BanjoTheBear,Ookami to Koushinryou,9
59370,460,2966,PyraXadon,Ookami to Koushinryou,9
59375,651,2966,Master10K,Ookami to Koushinryou,8
59380,901,2966,literaturenerd,Ookami to Koushinryou,10
63390,43,33,HybridMedia,Kenpuu Denki Berserk,10
63392,109,33,ktulu007,Kenpuu Denki Berserk,8
63394,258,33,Fear_the_Reefer,Kenpuu Denki Berserk,9
63398,523,33,kajia,Kenpuu Denki Berserk,9
63405,809,33,FullmetalCowboy,Kenpuu Denki Berserk,8
63406,901,33,literaturenerd,Kenpuu Denki Berserk,8
63409,1077,33,CodeBlazeFate,Kenpuu Denki Berserk,9
63416,1893,33,SupremeLord,Kenpuu Denki Berserk,8
64003,43,14467,HybridMedia,K,5
64004,50,14467,BabyGirl06301,K,8
64007,381,14467,Karhu,K,3
64008,456,14467,Stark700,K,5
64009,503,14467,mouthpiece,K,4
64014,736,14467,mrsKWON,K,8
64015,751,14467,Hectotane,K,7
64019,1296,14467,Zaku88,K,4
64306,43,356,HybridMedia,Fate/stay night,6
64307,50,356,BabyGirl06301,Fate/stay night,9
64309,104,356,jc9622,Fate/stay night,6
64319,594,356,EggheadLuna,Fate/stay night,4
64320,651,356,Master10K,Fate/stay night,9
64329,1296,356,Zaku88,Fate/stay night,9
64334,1893,356,SupremeLord,Fate/stay night,7
64342,3413,356,lawlmartz,Fate/stay night,8
64831,43,6880,HybridMedia,Deadman Wonderland,8
64833,54,6880,Eoussama,Deadman Wonderland,7
64834,109,6880,ktulu007,Deadman Wonderland,8
64837,228,6880,ratchet573,Deadman Wonderland,5
64841,523,6880,kajia,Deadman Wonderland,5
64847,650,6880,Archaeon,Deadman Wonderland,6
64852,809,6880,FullmetalCowboy,Deadman Wonderland,5
64873,2213,6880,Nasty001,Deadman Wonderland,3
69248,50,22297,BabyGirl06301,Fate/stay night: Unlimited Blade Works,8
69250,104,22297,jc9622,Fate/stay night: Unlimited Blade Works,9
69253,228,22297,ratchet573,Fate/stay night: Unlimited Blade Works,9
69255,280,22297,BanjoTheBear,Fate/stay night: Unlimited Blade Works,7
69256,449,22297,HaXXspetten,Fate/stay night: Unlimited Blade Works,10
69257,456,22297,Stark700,Fate/stay night: Unlimited Blade Works,9
69270,1296,22297,Zaku88,Fate/stay night: Unlimited Blade Works,9
69278,1893,22297,SupremeLord,Fate/stay night: Unlimited Blade Works,10
71280,50,30911,BabyGirl06301,Tales of Zestiria the Cross,6
71281,97,30911,LegendAqua,Tales of Zestiria the Cross,8
71282,104,30911,jc9622,Tales of Zestiria the Cross,8
71283,109,30911,ktulu007,Tales of Zestiria the Cross,6
71284,280,30911,BanjoTheBear,Tales of Zestiria the Cross,4
71287,456,30911,Stark700,Tales of Zestiria the Cross,8
71288,460,30911,PyraXadon,Tales of Zestiria the Cross,6
71291,1296,30911,Zaku88,Tales of Zestiria the Cross,8
76080,109,12413,ktulu007,Jormungand,7
76083,228,12413,ratchet573,Jormungand,3
76085,456,12413,Stark700,Jormungand,8
76086,462,12413,Flawfinder,Jormungand,1
76087,503,12413,mouthpiece,Jormungand,3
76089,751,12413,Hectotane,Jormungand,7
76090,901,12413,literaturenerd,Jormungand,6
76093,1417,12413,GrayRealm,Jormungand,5
76133,2213,12413,Nasty001,Jormungand,8
80122,97,28623,LegendAqua,Koutetsujou no Kabaneri,8
80123,104,28623,jc9622,Koutetsujou no Kabaneri,6
80124,109,28623,ktulu007,Koutetsujou no Kabaneri,6
80125,280,28623,BanjoTheBear,Koutetsujou no Kabaneri,4
80128,456,28623,Stark700,Koutetsujou no Kabaneri,5
80130,462,28623,Flawfinder,Koutetsujou no Kabaneri,7
80138,1077,28623,CodeBlazeFate,Koutetsujou no Kabaneri,5
80163,3413,28623,lawlmartz,Koutetsujou no Kabaneri,6
82221,97,29803,LegendAqua,Overlord,7
82222,104,29803,jc9622,Overlord,8
82223,109,29803,ktulu007,Overlord,5
82229,280,29803,BanjoTheBear,Overlord,4
82232,456,29803,Stark700,Overlord,6
82233,594,29803,EggheadLuna,Overlord,2
82248,1417,29803,GrayRealm,Overlord,5
82275,3413,29803,lawlmartz,Overlord,8
89796,109,30296,ktulu007,Rakudai Kishi no Cavalry,3
89797,280,30296,BanjoTheBear,Rakudai Kishi no Cavalry,8
89802,449,30296,HaXXspetten,Rakudai Kishi no Cavalry,7
89803,460,30296,PyraXadon,Rakudai Kishi no Cavalry,5
89804,530,30296,AnimeFan48,Rakudai Kishi no Cavalry,9
89815,1077,30296,CodeBlazeFate,Rakudai Kishi no Cavalry,7
89822,1296,30296,Zaku88,Rakudai Kishi no Cavalry,7
89825,1417,30296,GrayRealm,Rakudai Kishi no Cavalry,5
90992,104,14131,jc9622,Girls & Panzer,9
90993,109,14131,ktulu007,Girls & Panzer,8
90999,228,14131,ratchet573,Girls & Panzer,3
91000,258,14131,Fear_the_Reefer,Girls & Panzer,9
91002,280,14131,BanjoTheBear,Girls & Panzer,5
91008,523,14131,kajia,Girls & Panzer,6
91009,594,14131,EggheadLuna,Girls & Panzer,8
91012,901,14131,literaturenerd,Girls & Panzer,4
91022,2213,14131,Nasty001,Girls & Panzer,7
100647,228,17729,ratchet573,Grisaia no Kajitsu,7
100649,280,17729,BanjoTheBear,Grisaia no Kajitsu,5
100650,449,17729,HaXXspetten,Grisaia no Kajitsu,5
100651,456,17729,Stark700,Grisaia no Kajitsu,6
100652,460,17729,PyraXadon,Grisaia no Kajitsu,7
100653,651,17729,Master10K,Grisaia no Kajitsu,6
100655,751,17729,Hectotane,Grisaia no Kajitsu,7
100657,1296,17729,Zaku88,Grisaia no Kajitsu,7
